code,name,local authority code,local authority name,All households ,No central heating,Gas ,Electric,Oil ,Solid fuel,Other including communal and renewable ,Two or more types 
E09000001,City of London,E09000001,City of London,4919,188,1351,1940,13,1,1068,358
E05014053,Abbey,E09000002,Barking and Dagenham,1446,40,614,508,3,8,144,129
E05014054,Alibon,E09000002,Barking and Dagenham,3337,59,2720,179,0,2,79,298
E05014055,Barking Riverside,E09000002,Barking and Dagenham,3381,100,1753,845,1,0,354,328
E05014056,Beam,E09000002,Barking and Dagenham,2702,77,2057,219,1,2,83,263
E05014057,Becontree,E09000002,Barking and Dagenham,3067,60,2464,181,1,0,94,267
E05014058,Chadwell Heath,E09000002,Barking and Dagenham,4809,92,3619,500,4,0,151,443
E05014059,Eastbrook & Rush Green,E09000002,Barking and Dagenham,3051,36,2504,196,2,0,67,246
E05014060,Eastbury,E09000002,Barking and Dagenham,5219,116,4079,373,3,0,140,508
E05014061,Gascoigne,E09000002,Barking and Dagenham,3782,87,2115,884,5,3,338,350
E05014062,Goresbrook,E09000002,Barking and Dagenham,4717,117,3670,406,7,0,123,394
E05014063,Heath,E09000002,Barking and Dagenham,3291,63,2017,731,2,0,183,295
E05014064,Longbridge,E09000002,Barking and Dagenham,3761,69,3050,237,5,1,80,319
E05014065,Mayesbrook,E09000002,Barking and Dagenham,5336,96,3604,695,4,7,465,465
E05014066,Northbury,E09000002,Barking and Dagenham,4405,142,2384,1200,12,0,302,365
E05014067,Parsloes,E09000002,Barking and Dagenham,5313,107,4181,358,3,2,181,481
E05014068,Thames View,E09000002,Barking and Dagenham,1859,42,1262,244,3,1,93,214
E05014069,Valence,E09000002,Barking and Dagenham,5206,101,4151,317,2,1,137,497
E05014070,Village,E09000002,Barking and Dagenham,4573,126,3143,634,2,2,244,422
E05014071,Whalebone,E09000002,Barking and Dagenham,4629,98,3586,426,2,1,122,394
E05013628,Barnet Vale,E09000003,Barnet,7208,143,5487,964,8,2,161,443
E05013629,Brunswick Park,E09000003,Barnet,5959,91,4890,464,1,0,78,435
E05013630,Burnt Oak,E09000003,Barnet,7339,161,5491,761,6,1,215,704
E05013631,Childs Hill,E09000003,Barnet,7900,208,5457,1265,14,2,311,643
E05013632,Colindale North,E09000003,Barnet,4606,155,2354,1180,2,1,530,384
E05013633,Colindale South,E09000003,Barnet,7419,240,2474,3199,6,1,1032,467
E05013634,Cricklewood,E09000003,Barnet,3839,84,2690,478,2,0,221,364
E05013635,East Barnet,E09000003,Barnet,6968,126,5532,688,3,2,97,520
E05013636,East Finchley,E09000003,Barnet,6803,124,5082,857,4,4,243,489
E05013637,Edgware,E09000003,Barnet,7116,90,5271,817,4,0,413,521
E05013638,Edgwarebury,E09000003,Barnet,4091,52,3242,442,1,0,60,294
E05013639,Finchley Church End,E09000003,Barnet,7559,145,6019,641,9,1,169,575
E05013640,Friern Barnet,E09000003,Barnet,7511,131,5901,681,1,1,117,679
E05013641,Garden Suburb,E09000003,Barnet,5068,64,4233,262,4,1,92,412
E05013642,Golders Green,E09000003,Barnet,5172,115,3942,524,12,0,230,349
E05013643,Hendon,E09000003,Barnet,8288,217,5971,1154,7,0,317,622
E05013644,High Barnet,E09000003,Barnet,4851,64,3986,318,17,1,71,394
E05013645,Mill Hill,E09000003,Barnet,6734,84,5386,522,3,2,175,562
E05013646,Totteridge & Woodside,E09000003,Barnet,5664,71,4407,443,5,0,243,495
E05013647,Underhill,E09000003,Barnet,4787,76,3876,399,0,2,81,353
E05013648,West Finchley,E09000003,Barnet,7735,119,5942,941,4,1,155,573
E05013649,West Hendon,E09000003,Barnet,6450,146,4105,1174,2,0,467,556
E05013650,Whetstone,E09000003,Barnet,4330,57,3450,319,2,2,166,334
E05013651,Woodhouse,E09000003,Barnet,5589,145,4078,791,1,2,143,429
E05011217,Barnehurst,E09000004,Bexley,4404,75,3824,170,1,2,36,296
E05011218,Belvedere,E09000004,Bexley,6768,152,4766,1143,7,0,161,539
E05011219,Bexleyheath,E09000004,Bexley,6409,88,5282,465,5,0,113,456
E05011220,Blackfen & Lamorbey,E09000004,Bexley,6238,82,5402,285,1,1,52,415
E05011221,Blendon & Penhill,E09000004,Bexley,5973,64,5228,213,0,2,53,413
E05011222,Crayford,E09000004,Bexley,6434,100,4930,724,2,1,160,517
E05011223,Crook Log,E09000004,Bexley,6180,83,5328,292,2,0,45,430
E05011224,East Wickham,E09000004,Bexley,6024,93,5035,384,0,1,63,448
E05011225,Erith,E09000004,Bexley,5038,104,3135,1031,4,0,315,449
E05011226,Falconwood & Welling,E09000004,Bexley,6213,93,5273,341,3,0,61,442
E05011227,Longlands,E09000004,Bexley,4194,62,3260,540,1,0,43,288
E05011228,Northumberland Heath,E09000004,Bexley,4053,69,3316,278,3,1,68,318
E05011229,St Mary's & St James,E09000004,Bexley,4392,56,3681,225,15,3,72,340
E05011230,Sidcup,E09000004,Bexley,6707,107,5058,885,1,1,185,470
E05011231,Slade Green & Northend,E09000004,Bexley,4709,126,3362,674,3,2,81,461
E05011232,Thamesmead East,E09000004,Bexley,5702,155,4078,651,2,0,195,621
E05011233,West Heath,E09000004,Bexley,5876,85,5121,208,1,2,52,407
E05013496,Alperton,E09000005,Brent,4506,120,2657,976,2,1,390,360
E05013497,Barnhill,E09000005,Brent,3762,74,2828,380,4,1,116,359
E05013498,Brondesbury Park,E09000005,Brent,5582,108,4040,638,14,2,290,490
E05013499,Cricklewood & Mapesbury,E09000005,Brent,5656,166,4000,767,5,0,223,495
E05013500,Dollis Hill,E09000005,Brent,7242,161,5320,836,2,0,231,692
E05013501,Harlesden & Kensal Green,E09000005,Brent,8050,252,5759,909,14,1,263,852
E05013502,Kenton,E09000005,Brent,5695,62,4518,530,4,1,146,434
E05013503,Kilburn,E09000005,Brent,7655,232,4689,1392,6,2,660,674
E05013504,Kingsbury,E09000005,Brent,3837,51,2660,463,5,1,325,332
E05013505,Northwick Park,E09000005,Brent,3790,58,3092,277,7,0,89,267
E05013506,Preston,E09000005,Brent,3875,84,2771,548,2,0,150,320
E05013507,Queens Park,E09000005,Brent,7021,149,5466,578,5,0,190,633
E05013508,Queensbury,E09000005,Brent,5256,85,4136,446,1,1,167,420
E05013509,Roundwood,E09000005,Brent,6224,166,4205,880,5,3,291,674
E05013510,Stonebridge,E09000005,Brent,7224,170,4253,1452,8,1,555,785
E05013511,Sudbury,E09000005,Brent,4309,95,3006,624,6,0,220,358
E05013512,Tokyngton,E09000005,Brent,2807,56,2251,179,1,0,83,237
E05013513,Welsh Harp,E09000005,Brent,6081,112,4702,570,1,1,149,546
E05013514,Wembley Central,E09000005,Brent,4928,110,3414,696,2,1,227,478
E05013515,Wembley Hill,E09000005,Brent,4773,97,3138,848,7,1,255,427
E05013516,Wembley Park,E09000005,Brent,2692,59,712,1082,6,0,616,217
E05013517,Willesden Green,E09000005,Brent,7639,186,5634,858,13,0,295,653
E05013987,Beckenham Town & Copers Cope,E09000006,Bromley,7879,143,5988,899,3,0,277,569
E05013988,Bickley & Sundridge,E09000006,Bromley,7183,61,6092,413,12,1,83,521
E05013989,Biggin Hill,E09000006,Bromley,4330,27,3676,228,21,4,23,351
E05013990,Bromley Common & Holwood,E09000006,Bromley,7664,80,6449,397,2,0,108,628
E05013991,Bromley Town,E09000006,Bromley,6894,113,5192,880,2,0,232,475
E05013992,Chelsfield,E09000006,Bromley,4493,61,3922,182,8,1,27,292
E05013993,Chislehurst,E09000006,Bromley,6266,51,5338,334,4,1,76,462
E05013994,Clock House,E09000006,Bromley,7375,152,5945,610,23,0,139,506
E05013995,Crystal Palace & Anerley,E09000006,Bromley,5710,121,4134,779,3,0,196,477
E05013996,Darwin,E09000006,Bromley,2181,26,1702,61,109,7,14,262
E05013997,Farnborough & Crofton,E09000006,Bromley,7103,63,6197,332,10,0,31,470
E05013998,Hayes & Coney Hall,E09000006,Bromley,5862,44,5097,234,10,3,43,431
E05013999,Kelsey & Eden Park,E09000006,Bromley,5987,73,5212,228,7,0,78,389
E05014000,Mottingham,E09000006,Bromley,4636,62,3852,203,0,2,123,394
E05014001,Orpington,E09000006,Bromley,4881,41,4126,275,8,1,81,349
E05014002,Penge & Cator,E09000006,Bromley,8493,199,6464,990,4,1,181,654
E05014003,Petts Wood & Knoll,E09000006,Bromley,6722,59,5857,297,5,1,59,444
E05014004,Plaistow,E09000006,Bromley,5199,60,4343,270,4,1,115,406
E05014005,Shortlands & Park Langley,E09000006,Bromley,6904,66,5807,430,2,0,129,470
E05014006,St Mary Cray,E09000006,Bromley,7689,100,6376,516,10,4,109,574
E05014007,St Paul's Cray,E09000006,Bromley,6704,122,5515,354,24,5,100,584
E05014008,West Wickham,E09000006,Bromley,5705,39,4919,323,1,0,77,346
E05013652,Belsize,E09000007,Camden,5915,174,4189,630,40,1,385,496
E05013653,Bloomsbury,E09000007,Camden,4749,133,2494,932,49,0,764,377
E05013654,Camden Square,E09000007,Camden,3200,94,2075,344,9,0,411,267
E05013655,Camden Town,E09000007,Camden,3006,121,1739,559,8,1,307,271
E05013656,Fortune Green,E09000007,Camden,5112,135,3543,550,9,1,416,458
E05013657,Frognal,E09000007,Camden,3301,66,2379,382,7,0,198,269
E05013658,Gospel Oak,E09000007,Camden,5260,120,3021,536,18,0,1163,402
E05013659,Hampstead Town,E09000007,Camden,3754,97,2918,259,6,0,160,314
E05013660,Haverstock,E09000007,Camden,5088,126,3127,486,23,0,856,470
E05013661,Highgate,E09000007,Camden,4447,80,3171,282,8,1,555,350
E05013662,Holborn & Covent Garden,E09000007,Camden,5033,162,2744,1009,9,0,724,385
E05013663,Kentish Town North,E09000007,Camden,3346,66,2466,288,7,0,224,295
E05013664,Kentish Town South,E09000007,Camden,4300,107,3134,382,5,0,282,390
E05013665,Kilburn,E09000007,Camden,5516,179,2924,875,12,2,1049,475
E05013666,King's Cross,E09000007,Camden,4364,152,2335,859,8,2,637,371
E05013667,Primrose Hill,E09000007,Camden,5607,152,3735,636,49,0,598,437
E05013668,Regent's Park,E09000007,Camden,4957,175,3007,792,12,0,526,445
E05013669,St Pancras & Somers Town,E09000007,Camden,4866,150,2821,545,9,2,867,472
E05013670,South Hampstead,E09000007,Camden,5535,145,3838,640,14,1,454,443
E05013671,West Hampstead,E09000007,Camden,5306,136,3658,709,7,0,383,413
E05011462,Addiscombe East,E09000008,Croydon,4774,86,3835,410,2,0,77,364
E05011463,Addiscombe West,E09000008,Croydon,6613,178,4662,838,8,0,354,573
E05011464,Bensham Manor,E09000008,Croydon,6080,149,4620,519,2,0,160,630
E05011465,Broad Green,E09000008,Croydon,7280,212,4843,919,11,5,528,762
E05011466,Coulsdon Town,E09000008,Croydon,5683,57,4722,272,3,1,81,547
E05011467,Crystal Palace & Upper Norwood,E09000008,Croydon,7189,195,5313,936,6,0,170,569
E05011468,Fairfield,E09000008,Croydon,7528,184,3388,2420,10,0,863,663
E05011469,Kenley,E09000008,Croydon,3926,35,3323,196,6,1,47,318
E05011470,New Addington North,E09000008,Croydon,3696,77,2886,215,0,2,98,418
E05011471,New Addington South,E09000008,Croydon,4005,80,3260,158,1,1,99,406
E05011472,Norbury & Pollards Hill,E09000008,Croydon,4596,96,3329,654,2,2,115,398
E05011473,Norbury Park,E09000008,Croydon,3601,51,2955,200,1,0,75,319
E05011474,Old Coulsdon,E09000008,Croydon,3818,26,3277,130,6,5,60,314
E05011475,Park Hill & Whitgift,E09000008,Croydon,2396,52,1687,404,2,0,83,168
E05011476,Purley & Woodcote,E09000008,Croydon,6405,74,4979,682,3,9,109,549
E05011477,Purley Oaks & Riddlesdown,E09000008,Croydon,4096,62,3350,307,2,3,46,326
E05011478,Sanderstead,E09000008,Croydon,5893,48,5083,258,1,1,63,439
E05011479,Selhurst,E09000008,Croydon,5161,119,3737,572,7,0,166,560
E05011480,Selsdon & Addington Village,E09000008,Croydon,3852,51,3254,204,3,3,36,301
E05011481,Selsdon Vale & Forestdale,E09000008,Croydon,4108,53,3437,263,3,0,100,252
E05011482,Shirley North,E09000008,Croydon,5995,87,5000,307,7,0,100,494
E05011483,Shirley South,E09000008,Croydon,3900,50,3354,113,1,0,51,331
E05011484,South Croydon,E09000008,Croydon,7463,150,5677,875,8,1,149,603
E05011485,South Norwood,E09000008,Croydon,7125,194,5069,1012,6,1,180,663
E05011486,Thornton Heath,E09000008,Croydon,7027,171,5396,585,2,3,175,695
E05011487,Waddon,E09000008,Croydon,7293,178,4742,1177,2,0,600,594
E05011488,West Thornton,E09000008,Croydon,6469,154,4724,682,3,1,239,666
E05011489,Woodside,E09000008,Croydon,6912,195,5245,657,3,4,171,637
E05013518,Central Greenford,E09000009,Ealing,4904,73,3891,423,2,2,120,393
E05013519,Dormers Wells,E09000009,Ealing,4705,93,3595,401,3,0,215,398
E05013520,Ealing Broadway,E09000009,Ealing,6342,201,4229,1022,20,0,391,479
E05013521,Ealing Common,E09000009,Ealing,6657,135,5194,594,4,3,177,550
E05013522,East Acton,E09000009,Ealing,6230,154,3662,1668,9,0,244,493
E05013523,Greenford Broadway,E09000009,Ealing,6007,99,4701,463,1,4,188,551
E05013524,Hanger Hill,E09000009,Ealing,6653,126,5245,629,12,0,192,449
E05013525,Hanwell Broadway,E09000009,Ealing,6133,139,4331,834,5,0,323,501
E05013526,Lady Margaret,E09000009,Ealing,4732,110,3756,336,4,1,123,402
E05013527,North Acton,E09000009,Ealing,6753,164,4589,1122,6,2,312,558
E05013528,North Greenford,E09000009,Ealing,5427,68,4392,317,5,2,215,428
E05013529,North Hanwell,E09000009,Ealing,5468,81,4367,400,2,0,193,425
E05013530,Northfield,E09000009,Ealing,5645,96,4697,422,2,2,75,351
E05013531,Northolt Mandeville,E09000009,Ealing,6097,123,4709,507,9,2,229,518
E05013532,Northolt West End,E09000009,Ealing,5611,158,4117,648,4,1,206,477
E05013533,Norwood Green,E09000009,Ealing,4844,113,3325,647,2,3,303,451
E05013534,Perivale,E09000009,Ealing,5674,112,4397,616,2,0,126,421
E05013535,Pitshanger,E09000009,Ealing,5921,122,4376,650,1,1,343,428
E05013536,South Acton,E09000009,Ealing,7357,180,3981,1579,5,4,1024,584
E05013537,Southall Broadway,E09000009,Ealing,2869,56,2146,238,4,1,115,309
E05013538,Southall Green,E09000009,Ealing,4421,111,3208,447,7,0,243,405
E05013539,Southall West,E09000009,Ealing,1877,43,1349,206,1,3,98,177
E05013540,Southfield,E09000009,Ealing,7205,127,5498,693,15,2,294,576
E05013541,Walpole,E09000009,Ealing,6152,110,4816,627,1,1,180,417
E05013672,Arnos Grove,E09000010,Enfield,3178,39,2674,172,3,1,39,250
E05013673,Bowes,E09000010,Enfield,3820,79,2703,632,1,0,77,328
E05013674,Brimsdown,E09000010,Enfield,5615,144,3877,803,3,1,187,600
E05013675,Bullsmoor,E09000010,Enfield,3950,92,2869,442,1,1,100,445
E05013676,Bush Hill Park,E09000010,Enfield,5009,70,4091,465,0,0,40,343
E05013677,Carterhatch,E09000010,Enfield,4184,113,2926,509,1,0,115,520
E05013678,Cockfosters,E09000010,Enfield,3853,40,2973,353,3,0,177,307
E05013679,Edmonton Green,E09000010,Enfield,6246,160,3617,1538,0,1,230,700
E05013680,Enfield Lock,E09000010,Enfield,6428,167,4166,1206,4,0,187,698
E05013681,Grange Park,E09000010,Enfield,3371,48,2622,387,1,0,56,257
E05013682,Haselbury,E09000010,Enfield,6206,171,4563,677,1,0,156,638
E05013683,Highfield,E09000010,Enfield,3393,35,2941,104,6,0,56,251
E05013684,Jubilee,E09000010,Enfield,5673,158,4009,766,2,3,146,589
E05013685,Lower Edmonton,E09000010,Enfield,5815,148,4112,667,5,0,176,707
E05013686,New Southgate,E09000010,Enfield,4300,98,3240,466,2,0,157,337
E05013687,Oakwood,E09000010,Enfield,3256,39,2655,274,2,0,41,245
E05013688,Palmers Green,E09000010,Enfield,4186,81,3245,438,1,0,77,344
E05013689,Ponders End,E09000010,Enfield,4499,118,2788,825,7,2,270,489
E05013690,Ridgeway,E09000010,Enfield,5549,60,4225,771,13,2,87,391
E05013691,Southbury,E09000010,Enfield,5794,122,4278,827,2,2,127,436
E05013692,Southgate,E09000010,Enfield,5908,104,4435,799,6,0,125,439
E05013693,Town,E09000010,Enfield,5390,80,4189,591,2,0,131,397
E05013694,Upper Edmonton,E09000010,Enfield,5616,166,3640,927,4,1,230,648
E05013695,Whitewebbs,E09000010,Enfield,5662,134,4026,897,21,3,104,477
E05013696,Winchmore Hill,E09000010,Enfield,3978,48,3378,209,2,0,34,307
E05014072,Abbey Wood,E09000011,Greenwich,6218,139,4807,429,11,1,174,657
E05014073,Blackheath Westcombe,E09000011,Greenwich,6764,126,5222,500,11,0,318,587
E05014074,Charlton Hornfair,E09000011,Greenwich,4624,95,3630,321,1,1,144,432
E05014075,Charlton Village & Riverside,E09000011,Greenwich,3966,96,2934,308,1,0,240,387
E05014076,East Greenwich,E09000011,Greenwich,6405,127,3384,1276,3,0,1080,535
E05014077,Eltham Page,E09000011,Greenwich,3488,54,2658,221,1,1,206,347
E05014078,Eltham Park & Progress,E09000011,Greenwich,4118,60,3488,158,1,2,77,332
E05014079,Eltham Town & Avery Hill,E09000011,Greenwich,6279,112,4932,573,3,2,184,473
E05014080,Greenwich Creekside,E09000011,Greenwich,4860,106,2028,1506,6,1,827,386
E05014081,Greenwich Park,E09000011,Greenwich,4543,86,3106,603,9,0,344,395
E05014082,Greenwich Peninsula,E09000011,Greenwich,5058,111,1418,1483,4,1,1626,415
E05014083,Kidbrooke Park,E09000011,Greenwich,3946,77,3061,323,0,0,116,369
E05014084,Kidbrooke Village & Sutcliffe,E09000011,Greenwich,2698,37,1184,602,7,0,638,230
E05014085,Middle Park & Horn Park,E09000011,Greenwich,3538,48,2871,151,0,1,81,386
E05014086,"Mottingham, Coldharbour & New Eltham",E09000011,Greenwich,5688,71,4718,272,1,0,106,520
E05014087,Plumstead & Glyndon,E09000011,Greenwich,7513,187,5404,693,10,0,404,815
E05014088,Plumstead Common,E09000011,Greenwich,6027,138,4770,396,4,2,152,565
E05014089,Shooters Hill,E09000011,Greenwich,4718,100,3525,391,3,1,197,501
E05014090,Thamesmead Moorings,E09000011,Greenwich,4604,129,3171,529,6,0,195,574
E05014091,West Thamesmead,E09000011,Greenwich,3946,96,2588,680,2,2,166,412
E05014092,Woolwich Arsenal,E09000011,Greenwich,5765,144,1928,1852,6,3,1336,496
E05014093,Woolwich Common,E09000011,Greenwich,4850,127,2818,705,0,1,619,580
E05014094,Woolwich Dockyard,E09000011,Greenwich,4474,139,2633,874,3,0,371,454
E05009367,Brownswood,E09000012,Hackney,4087,104,2852,536,1,0,284,310
E05009368,Cazenove,E09000012,Hackney,5163,155,3913,448,5,0,210,432
E05009369,Clissold,E09000012,Hackney,5439,112,4180,463,1,0,177,506
E05009370,Dalston,E09000012,Hackney,4044,85,2282,861,5,5,447,359
E05009371,De Beauvoir,E09000012,Hackney,4004,109,2556,755,5,0,229,350
E05009372,Hackney Central,E09000012,Hackney,5773,149,3882,788,5,4,329,616
E05009373,Hackney Downs,E09000012,Hackney,5356,107,4106,462,3,0,177,501
E05009374,Hackney Wick,E09000012,Hackney,4974,123,3412,563,2,1,352,521
E05009375,Haggerston,E09000012,Hackney,6267,175,3471,1187,16,3,812,603
E05009376,Homerton,E09000012,Hackney,5214,124,3429,722,2,1,407,529
E05009377,Hoxton East & Shoreditch,E09000012,Hackney,5546,188,3228,1187,8,2,404,529
E05009378,Hoxton West,E09000012,Hackney,6301,221,3119,1538,16,2,833,572
E05009379,King's Park,E09000012,Hackney,5040,126,3635,437,0,2,311,529
E05009380,Lea Bridge,E09000012,Hackney,5477,190,3717,942,5,3,146,474
E05009381,London Fields,E09000012,Hackney,5417,165,3586,783,3,3,302,575
E05009382,Shacklewell,E09000012,Hackney,3637,99,2558,421,3,1,197,358
E05009383,Springfield,E09000012,Hackney,5206,153,3740,583,9,3,256,462
E05009384,Stamford Hill West,E09000012,Hackney,3258,88,2519,308,4,1,80,258
E05009385,Stoke Newington,E09000012,Hackney,5648,131,4323,550,5,1,142,496
E05009386,Victoria,E09000012,Hackney,5220,129,3820,579,1,0,215,476
E05009387,Woodberry Down,E09000012,Hackney,4981,140,2295,1162,8,1,895,480
E05013733,Addison,E09000013,Hammersmith and Fulham,3818,119,2763,341,8,0,229,358
E05013734,Avonmore,E09000013,Hammersmith and Fulham,3648,111,2430,347,11,0,406,343
E05013735,Brook Green,E09000013,Hammersmith and Fulham,3805,125,2671,396,11,0,289,313
E05013736,College Park & Old Oak,E09000013,Hammersmith and Fulham,3877,103,2380,646,8,3,333,404
E05013737,Coningham,E09000013,Hammersmith and Fulham,4916,150,3650,448,9,0,208,451
E05013738,Fulham Reach,E09000013,Hammersmith and Fulham,5090,125,3614,454,14,0,467,416
E05013739,Fulham Town,E09000013,Hammersmith and Fulham,3396,72,2496,444,1,0,73,310
E05013740,Grove,E09000013,Hammersmith and Fulham,3461,62,2543,374,6,3,169,304
E05013741,Hammersmith Broadway,E09000013,Hammersmith and Fulham,3490,92,2279,514,6,0,256,343
E05013742,Lillie,E09000013,Hammersmith and Fulham,3177,89,2007,524,2,0,245,310
E05013743,Munster,E09000013,Hammersmith and Fulham,5412,106,4219,415,7,2,156,507
E05013744,Palace & Hurlingham,E09000013,Hammersmith and Fulham,4792,83,3616,421,9,4,220,439
E05013745,Parsons Green & Sandford,E09000013,Hammersmith and Fulham,3223,58,2519,259,6,0,55,326
E05013746,Ravenscourt,E09000013,Hammersmith and Fulham,3094,92,2050,454,46,2,201,249
E05013747,Sands End,E09000013,Hammersmith and Fulham,5048,143,2504,1529,5,0,444,423
E05013748,Shepherd's Bush Green,E09000013,Hammersmith and Fulham,2665,67,1789,410,4,0,139,256
E05013749,Walham Green,E09000013,Hammersmith and Fulham,3494,90,2430,444,2,0,185,343
E05013750,Wendell Park,E09000013,Hammersmith and Fulham,3164,66,2137,401,2,1,256,301
E05013751,West Kensington,E09000013,Hammersmith and Fulham,4606,127,3226,487,7,0,311,448
E05013752,White City,E09000013,Hammersmith and Fulham,4126,98,2923,436,3,1,261,404
E05013753,Wormholt,E09000013,Hammersmith and Fulham,2931,48,2181,265,1,1,165,270
E05013585,Alexandra Park,E09000014,Haringey,3405,47,2965,120,2,0,37,234
E05013586,Bounds Green,E09000014,Haringey,4060,92,2947,506,2,0,113,400
E05013587,Bruce Castle,E09000014,Haringey,5306,135,3495,818,9,3,263,583
E05013588,Crouch End,E09000014,Haringey,6034,126,4718,543,3,1,192,451
E05013589,Fortis Green,E09000014,Haringey,4994,79,4087,290,2,0,141,395
E05013590,Harringay,E09000014,Haringey,6125,150,4555,686,2,0,233,499
E05013591,Hermitage & Gardens,E09000014,Haringey,3267,72,2446,311,1,0,104,333
E05013592,Highgate,E09000014,Haringey,5682,111,4312,481,6,1,268,503
E05013593,Hornsey,E09000014,Haringey,6575,154,4589,1046,3,0,292,491
E05013594,Muswell Hill,E09000014,Haringey,3844,76,2979,345,1,0,146,297
E05013595,Noel Park,E09000014,Haringey,5310,105,3911,516,1,2,269,506
E05013596,Northumberland Park,E09000014,Haringey,5688,176,3876,674,2,0,249,711
E05013597,St Ann's,E09000014,Haringey,3962,92,3054,307,0,1,131,377
E05013598,Seven Sisters,E09000014,Haringey,3551,88,2591,341,0,2,144,385
E05013599,South Tottenham,E09000014,Haringey,5613,158,3951,712,7,3,235,547
E05013600,Stroud Green,E09000014,Haringey,4994,83,4088,286,5,1,116,415
E05013601,Tottenham Central,E09000014,Haringey,5867,159,4133,710,3,4,298,560
E05013602,Tottenham Hale,E09000014,Haringey,3917,106,2197,793,2,9,464,346
E05013603,West Green,E09000014,Haringey,5744,104,3881,888,15,0,336,520
E05013604,White Hart Lane,E09000014,Haringey,4904,97,3790,339,4,0,165,509
E05013605,Woodside,E09000014,Haringey,6251,179,4663,603,6,0,217,583
E05013542,Belmont,E09000015,Harrow,2927,31,2542,92,3,0,38,221
E05013543,Canons,E09000015,Harrow,3428,35,2804,286,0,0,78,225
E05013544,Centenary,E09000015,Harrow,4535,39,3504,379,0,1,229,383
E05013545,Edgware,E09000015,Harrow,4898,87,3950,382,0,2,112,365
E05013546,Greenhill,E09000015,Harrow,4643,122,2360,1338,3,0,436,384
E05013547,Harrow on the Hill,E09000015,Harrow,3963,62,2976,494,3,0,104,324
E05013548,Harrow Weald,E09000015,Harrow,5087,67,4081,362,4,1,142,430
E05013549,Hatch End,E09000015,Harrow,3450,34,2886,249,4,0,45,232
E05013550,Headstone,E09000015,Harrow,5236,57,4312,365,2,2,103,395
E05013551,Kenton East,E09000015,Harrow,4474,72,3633,324,1,0,111,333
E05013552,Kenton West,E09000015,Harrow,2918,24,2538,117,1,1,46,191
E05013553,Marlborough,E09000015,Harrow,3989,75,3003,383,3,0,181,344
E05013554,North Harrow,E09000015,Harrow,3238,38,2694,242,1,0,35,228
E05013555,Pinner,E09000015,Harrow,5054,51,4106,457,4,0,62,374
E05013556,Pinner South,E09000015,Harrow,5390,41,4604,260,1,1,105,378
E05013557,Rayners Lane,E09000015,Harrow,3062,51,2551,168,3,0,43,246
E05013558,Roxbourne,E09000015,Harrow,3299,57,2587,197,6,0,92,360
E05013559,Roxeth,E09000015,Harrow,5307,98,4072,462,4,1,194,476
E05013560,Stanmore,E09000015,Harrow,5153,51,4174,362,2,0,161,403
E05013561,Wealdstone North,E09000015,Harrow,3354,58,2559,394,1,0,77,265
E05013562,Wealdstone South,E09000015,Harrow,2624,54,1933,376,2,0,60,199
E05013563,West Harrow,E09000015,Harrow,3622,82,2809,324,2,11,55,339
E05013967,Beam Park,E09000016,Havering,1939,31,1191,305,2,1,236,173
E05013968,Cranham,E09000016,Havering,5150,47,4497,226,3,8,34,335
E05013969,Elm Park,E09000016,Havering,6373,107,5395,295,2,1,101,472
E05013970,Emerson Park,E09000016,Havering,3382,32,2885,187,5,1,36,236
E05013971,Gooshays,E09000016,Havering,6438,94,5298,270,8,2,174,592
E05013972,Hacton,E09000016,Havering,3620,58,3134,171,0,0,25,232
E05013973,Harold Wood,E09000016,Havering,5715,78,4554,485,12,1,107,478
E05013974,Havering-atte-Bower,E09000016,Havering,5920,71,5022,236,10,6,99,476
E05013975,Heaton,E09000016,Havering,6639,107,5286,365,5,4,314,558
E05013976,Hylands & Harrow Lodge,E09000016,Havering,5470,60,4660,343,6,1,55,345
E05013977,Marshalls & Rise Park,E09000016,Havering,4920,57,4250,257,1,2,38,315
E05013978,Mawneys,E09000016,Havering,5507,81,4643,281,2,4,58,438
E05013979,Rainham & Wennington,E09000016,Havering,5111,75,4230,338,2,5,67,394
E05013980,Rush Green & Crowlands,E09000016,Havering,5801,93,4084,796,5,2,326,495
E05013981,St Alban's,E09000016,Havering,3321,79,2486,463,0,0,49,244
E05013982,St Andrew's,E09000016,Havering,5999,79,4964,502,1,1,65,387
E05013983,St Edward's,E09000016,Havering,4593,62,3238,802,0,1,122,368
E05013984,South Hornchurch,E09000016,Havering,3866,60,3269,174,2,1,61,299
E05013985,Squirrels Heath,E09000016,Havering,6379,86,5255,496,3,0,79,460
E05013986,Upminster,E09000016,Havering,5167,47,4497,206,33,2,35,347
E05013564,Belmore,E09000017,Hillingdon,5106,117,4108,283,3,2,147,446
E05013565,Charville,E09000017,Hillingdon,3794,68,3010,295,0,1,57,363
E05013566,Colham & Cowley,E09000017,Hillingdon,6631,116,4725,994,9,4,222,561
E05013567,Eastcote,E09000017,Hillingdon,6681,81,5553,499,3,3,125,417
E05013568,Harefield Village,E09000017,Hillingdon,2332,15,1914,168,12,2,31,190
E05013569,Hayes Town,E09000017,Hillingdon,5056,117,2953,1075,10,0,439,462
E05013570,Heathrow Villages,E09000017,Hillingdon,4808,113,3225,927,14,2,138,389
E05013571,Hillingdon East,E09000017,Hillingdon,5424,55,4608,289,3,0,76,393
E05013572,Hillingdon West,E09000017,Hillingdon,3781,54,2819,388,1,0,191,328
E05013573,Ickenham & South Harefield,E09000017,Hillingdon,6027,59,5052,306,14,9,141,446
E05013574,Northwood,E09000017,Hillingdon,4756,49,3752,492,5,2,93,363
E05013575,Northwood Hills,E09000017,Hillingdon,4542,51,3842,264,2,0,71,312
E05013576,Pinkwell,E09000017,Hillingdon,5125,109,4030,401,4,1,144,436
E05013577,Ruislip,E09000017,Hillingdon,6212,69,5187,437,4,0,114,401
E05013578,Ruislip Manor,E09000017,Hillingdon,4158,48,3573,238,1,1,45,252
E05013579,South Ruislip,E09000017,Hillingdon,6216,93,5039,575,3,1,71,434
E05013580,Uxbridge,E09000017,Hillingdon,6521,117,4755,968,5,4,168,504
E05013581,West Drayton,E09000017,Hillingdon,6515,111,4277,1223,5,0,389,510
E05013582,Wood End,E09000017,Hillingdon,6174,119,4512,738,3,0,182,620
E05013583,Yeading,E09000017,Hillingdon,4768,108,3626,466,5,0,119,444
E05013584,Yiewsley,E09000017,Hillingdon,4565,112,2871,955,8,8,203,408
E05013606,Bedfont,E09000018,Hounslow,5386,111,3889,691,5,1,254,435
E05013607,Brentford East,E09000018,Hounslow,3659,88,1379,1308,6,2,605,271
E05013608,Brentford West,E09000018,Hounslow,3631,83,2533,530,3,0,209,273
E05013609,Chiswick Gunnersbury,E09000018,Hounslow,5788,135,4035,752,20,0,392,454
E05013610,Chiswick Homefields,E09000018,Hounslow,5880,80,4773,411,8,4,147,457
E05013611,Chiswick Riverside,E09000018,Hounslow,4260,65,3019,452,20,1,326,377
E05013612,Cranford,E09000018,Hounslow,4975,114,3611,471,13,2,291,473
E05013613,Feltham North,E09000018,Hounslow,4197,87,3183,362,7,2,190,366
E05013614,Feltham West,E09000018,Hounslow,5682,178,3531,1295,4,0,299,375
E05013615,Hanworth Park,E09000018,Hounslow,3746,62,2743,448,2,2,163,326
E05013616,Hanworth Village,E09000018,Hounslow,5755,112,4179,545,5,1,381,532
E05013617,Heston Central,E09000018,Hounslow,4333,96,3155,587,3,4,144,344
E05013618,Heston East,E09000018,Hounslow,3652,87,2686,417,1,0,154,307
E05013619,Heston West,E09000018,Hounslow,4618,102,3393,476,3,1,226,417
E05013620,Hounslow Central,E09000018,Hounslow,3626,134,1791,1189,6,0,235,271
E05013621,Hounslow East,E09000018,Hounslow,3083,93,1741,850,2,3,174,220
E05013622,Hounslow Heath,E09000018,Hounslow,5153,148,3285,1074,6,0,219,421
E05013623,Hounslow South,E09000018,Hounslow,4863,87,3957,338,1,0,95,385
E05013624,Hounslow West,E09000018,Hounslow,4876,104,3202,786,4,0,368,412
E05013625,Isleworth,E09000018,Hounslow,5537,100,3837,844,6,1,358,391
E05013626,Osterley & Spring Grove,E09000018,Hounslow,5248,93,3941,711,1,4,122,376
E05013627,Syon & Brentford Lock,E09000018,Hounslow,5055,109,2671,990,15,6,876,388
E05013697,Arsenal,E09000019,Islington,6012,178,3014,1675,6,2,659,478
E05013698,Barnsbury,E09000019,Islington,5641,141,3988,716,8,1,301,486
E05013699,Bunhill,E09000019,Islington,5077,181,2485,1146,11,1,801,452
E05013700,Caledonian,E09000019,Islington,4914,139,2648,1007,8,9,669,434
E05013701,Canonbury,E09000019,Islington,5797,117,4571,355,8,0,167,579
E05013702,Clerkenwell,E09000019,Islington,4948,144,3091,661,15,0,606,431
E05013703,Finsbury Park,E09000019,Islington,5988,165,4114,863,3,0,275,568
E05013704,Highbury,E09000019,Islington,6101,115,4732,486,8,0,219,541
E05013705,Hillrise,E09000019,Islington,6389,106,4566,488,7,1,610,611
E05013706,Holloway,E09000019,Islington,5238,136,3684,629,6,0,279,504
E05013707,Junction,E09000019,Islington,5881,120,4373,683,5,1,207,492
E05013708,Laycock,E09000019,Islington,5665,143,3867,752,4,0,341,558
E05013709,Mildmay,E09000019,Islington,6114,119,4740,425,5,2,215,608
E05013710,St Mary's & St James',E09000019,Islington,5579,115,3784,815,5,0,328,532
E05013711,St Peter's & Canalside,E09000019,Islington,5460,151,2764,1255,2,3,816,469
E05013712,Tollington,E09000019,Islington,6197,149,4481,792,1,0,210,564
E05013713,Tufnell Park,E09000019,Islington,5514,133,4126,543,2,2,230,478
E05009388,Abingdon,E09000020,Kensington and Chelsea,3886,148,2449,575,37,1,350,326
E05009389,Brompton & Hans Town,E09000020,Kensington and Chelsea,4149,140,2418,602,34,1,532,422
E05009390,Campden,E09000020,Kensington and Chelsea,3823,121,2462,465,38,1,341,395
E05009391,Chelsea Riverside,E09000020,Kensington and Chelsea,3685,107,2169,414,20,1,653,321
E05009392,Colville,E09000020,Kensington and Chelsea,4330,144,3019,463,5,0,218,481
E05009393,Courtfield,E09000020,Kensington and Chelsea,4114,169,2554,732,21,0,262,376
E05009394,Dalgarno,E09000020,Kensington and Chelsea,2714,66,1936,278,11,2,156,265
E05009395,Earl's Court,E09000020,Kensington and Chelsea,4659,205,2893,810,26,0,304,421
E05009396,Golborne,E09000020,Kensington and Chelsea,3822,112,2188,700,7,0,425,390
E05009397,Holland,E09000020,Kensington and Chelsea,3911,152,2366,646,41,0,370,336
E05009398,Norland,E09000020,Kensington and Chelsea,2583,61,1886,256,8,1,112,259
E05009399,Notting Dale,E09000020,Kensington and Chelsea,3742,86,2390,377,7,0,550,332
E05009400,Pembridge,E09000020,Kensington and Chelsea,2664,114,1695,483,14,1,142,215
E05009401,Queen's Gate,E09000020,Kensington and Chelsea,3581,177,2156,708,17,3,190,330
E05009402,Redcliffe,E09000020,Kensington and Chelsea,4396,168,3146,492,11,0,159,420
E05009403,Royal Hospital,E09000020,Kensington and Chelsea,3916,150,2501,529,33,0,302,401
E05009404,St Helen's,E09000020,Kensington and Chelsea,2807,70,2194,193,1,0,99,250
E05009405,Stanley,E09000020,Kensington and Chelsea,4060,114,2520,670,16,0,358,382
E05013928,Alexandra,E09000021,Kingston upon Thames,2158,27,1857,104,1,1,25,143
E05013929,Berrylands,E09000021,Kingston upon Thames,2690,65,2189,232,1,0,22,181
E05013930,Canbury Gardens,E09000021,Kingston upon Thames,3322,78,2048,798,1,0,174,223
E05013931,Chessington South & Malden Rushett,E09000021,Kingston upon Thames,3818,52,3251,199,7,2,26,281
E05013932,Coombe Hill,E09000021,Kingston upon Thames,2672,35,2077,222,5,1,88,244
E05013933,Coombe Vale,E09000021,Kingston upon Thames,3763,63,3096,308,0,0,39,257
E05013934,Green Lane & St James,E09000021,Kingston upon Thames,2378,44,1944,166,1,0,42,181
E05013935,Hook & Chessington North,E09000021,Kingston upon Thames,4041,47,3461,202,3,4,55,269
E05013936,King George's & Sunray,E09000021,Kingston upon Thames,2105,44,1754,115,3,1,25,163
E05013937,Kingston Gate,E09000021,Kingston upon Thames,4274,81,3247,544,5,1,87,309
E05013938,Kingston Town,E09000021,Kingston upon Thames,4331,86,2998,816,4,3,78,346
E05013939,Motspur Park & Old Malden East,E09000021,Kingston upon Thames,2502,26,2190,88,0,1,16,181
E05013940,New Malden Village,E09000021,Kingston upon Thames,3831,61,3010,392,1,0,84,283
E05013941,Norbiton,E09000021,Kingston upon Thames,4136,100,3127,486,3,2,78,340
E05013942,Old Malden,E09000021,Kingston upon Thames,2472,43,1993,239,2,1,22,172
E05013943,St Mark's & Seething Wells,E09000021,Kingston upon Thames,5341,122,3980,768,6,1,77,387
E05013944,Surbiton Hill,E09000021,Kingston upon Thames,5018,130,3514,953,5,1,77,338
E05013945,Tolworth,E09000021,Kingston upon Thames,4135,69,3439,290,0,0,55,282
E05013946,Tudor,E09000021,Kingston upon Thames,2632,21,2317,98,0,0,27,169
E05014095,Brixton Acre Lane,E09000022,Lambeth,6672,129,5052,590,2,0,292,607
E05014096,Brixton North,E09000022,Lambeth,6657,211,4085,936,5,1,708,711
E05014097,Brixton Rush Common,E09000022,Lambeth,6147,145,4342,466,27,1,537,629
E05014098,Brixton Windrush,E09000022,Lambeth,4289,104,2709,671,3,0,400,402
E05014099,Clapham Common & Abbeville,E09000022,Lambeth,4230,80,3284,373,3,1,117,372
E05014100,Clapham East,E09000022,Lambeth,4299,88,2890,486,5,0,402,428
E05014101,Clapham Park,E09000022,Lambeth,5636,165,3749,711,6,0,518,487
E05014102,Clapham Town,E09000022,Lambeth,6935,136,5226,685,6,1,241,640
E05014103,Gipsy Hill,E09000022,Lambeth,4584,113,3515,315,3,2,196,440
E05014104,Herne Hill & Loughborough Junction,E09000022,Lambeth,6485,114,4970,459,8,1,306,627
E05014105,Kennington,E09000022,Lambeth,6701,185,4047,1036,9,2,787,635
E05014106,Knight's Hill,E09000022,Lambeth,6746,158,5257,402,4,3,268,654
E05014107,Myatt's Fields,E09000022,Lambeth,4703,120,2801,554,8,0,777,443
E05014108,Oval,E09000022,Lambeth,5453,176,3817,590,19,0,382,469
E05014109,St Martin's,E09000022,Lambeth,4347,124,3296,303,1,0,140,483
E05014110,Stockwell East,E09000022,Lambeth,4501,133,2997,548,10,0,423,390
E05014111,Stockwell West & Larkhall,E09000022,Lambeth,6974,248,4714,919,7,0,405,681
E05014112,Streatham Common & Vale,E09000022,Lambeth,6464,158,5133,457,3,2,167,544
E05014113,Streatham Hill East,E09000022,Lambeth,4157,115,2979,387,1,0,296,379
E05014114,Streatham Hill West & Thornton,E09000022,Lambeth,4506,80,3538,336,5,0,160,387
E05014115,Streatham St Leonard's,E09000022,Lambeth,6632,212,4804,753,8,3,259,593
E05014116,Streatham Wells,E09000022,Lambeth,4132,85,3159,405,1,3,128,351
E05014117,Vauxhall,E09000022,Lambeth,4724,167,1974,1730,6,3,470,374
E05014118,Waterloo & South Bank,E09000022,Lambeth,3865,151,1966,1117,5,0,286,340
E05014119,West Dulwich,E09000022,Lambeth,4772,92,3811,354,2,2,109,402
E05013714,Bellingham,E09000023,Lewisham,4635,95,3461,449,3,1,149,477
E05013715,Blackheath,E09000023,Lewisham,7303,161,5113,879,4,2,496,648
E05013716,Brockley,E09000023,Lewisham,7541,228,5238,1184,3,1,285,602
E05013717,Catford South,E09000023,Lewisham,6273,114,5184,288,3,0,125,559
E05013718,Crofton Park,E09000023,Lewisham,6247,111,5114,373,3,2,94,550
E05013719,Deptford,E09000023,Lewisham,6857,257,3845,1469,10,0,633,643
E05013720,Downham,E09000023,Lewisham,7026,160,5644,349,2,2,159,710
E05013721,Evelyn,E09000023,Lewisham,6302,200,3081,1563,8,1,803,646
E05013722,Forest Hill,E09000023,Lewisham,6411,132,5031,506,5,0,171,566
E05013723,Grove Park,E09000023,Lewisham,6246,113,4916,547,3,0,112,555
E05013724,Hither Green,E09000023,Lewisham,8022,221,5628,1237,8,0,233,695
E05013725,Ladywell,E09000023,Lewisham,6078,106,4780,533,3,2,167,487
E05013726,Lee Green,E09000023,Lewisham,6142,113,5034,357,5,1,120,512
E05013727,Lewisham Central,E09000023,Lewisham,3879,111,1533,1175,3,0,731,326
E05013728,New Cross Gate,E09000023,Lewisham,4151,136,2447,928,2,1,207,430
E05013729,Perry Vale,E09000023,Lewisham,7493,159,5951,501,1,2,215,664
E05013730,Rushey Green,E09000023,Lewisham,7718,200,5374,900,6,1,472,765
E05013731,Sydenham,E09000023,Lewisham,7263,183,5612,578,4,1,222,663
E05013732,Telegraph Hill,E09000023,Lewisham,6773,147,5146,582,5,1,220,672
E05013810,Abbey,E09000024,Merton,4326,98,3324,514,0,0,66,324
E05013811,Cannon Hill,E09000024,Merton,3584,51,3128,89,4,1,64,247
E05013812,Colliers Wood,E09000024,Merton,4758,116,3480,691,4,1,128,338
E05013813,Cricket Green,E09000024,Merton,4392,102,3295,456,1,4,106,428
E05013814,Figge's Marsh,E09000024,Merton,3943,94,2886,411,4,2,189,357
E05013815,Graveney,E09000024,Merton,4168,85,3379,273,2,1,71,357
E05013816,Hillside,E09000024,Merton,3878,69,2922,502,8,2,109,266
E05013817,Lavender Fields,E09000024,Merton,4351,127,3038,727,3,1,90,365
E05013818,Longthornton,E09000024,Merton,4069,80,3241,353,3,0,73,319
E05013819,Lower Morden,E09000024,Merton,4164,53,3625,153,1,0,34,298
E05013820,Merton Park,E09000024,Merton,3051,37,2548,191,1,0,82,192
E05013821,Pollards Hill,E09000024,Merton,3986,103,3046,277,2,0,178,380
E05013822,Ravensbury,E09000024,Merton,3438,87,2765,239,3,0,65,279
E05013823,Raynes Park,E09000024,Merton,5093,120,4020,449,2,1,133,368
E05013824,St Helier,E09000024,Merton,4020,92,3113,395,5,0,94,321
E05013825,Village,E09000024,Merton,4693,65,3677,342,10,0,149,450
E05013826,Wandle,E09000024,Merton,2728,47,2009,432,1,0,52,187
E05013827,West Barnes,E09000024,Merton,3838,49,3218,247,1,1,48,274
E05013828,Wimbledon Park,E09000024,Merton,4225,82,3006,773,0,3,65,296
E05013829,Wimbledon Town & Dundonald,E09000024,Merton,5004,85,4042,465,1,1,47,363
E05013904,Beckton,E09000025,Newham,5299,127,3209,1162,0,0,315,486
E05013905,Boleyn,E09000025,Newham,4688,114,3185,489,4,1,406,489
E05013906,Canning Town North,E09000025,Newham,3839,88,2434,712,2,0,248,355
E05013907,Canning Town South,E09000025,Newham,2791,78,1341,698,6,3,439,226
E05013908,Custom House,E09000025,Newham,6232,138,4289,687,1,4,469,644
E05013909,East Ham,E09000025,Newham,4265,110,3186,394,5,2,142,426
E05013910,East Ham South,E09000025,Newham,5314,126,4139,346,3,0,184,516
E05013911,Forest Gate North,E09000025,Newham,3744,78,2978,222,3,1,97,365
E05013912,Forest Gate South,E09000025,Newham,5718,172,4111,689,5,1,200,540
E05013913,Green Street East,E09000025,Newham,4374,114,3355,280,16,0,150,459
E05013914,Green Street West,E09000025,Newham,4165,87,3191,294,9,1,171,412
E05013915,Little Ilford,E09000025,Newham,5212,146,3947,369,4,3,204,539
E05013916,Manor Park,E09000025,Newham,4677,119,3464,495,7,1,176,415
E05013917,Maryland,E09000025,Newham,4632,115,3279,642,2,2,173,419
E05013918,Plaistow North,E09000025,Newham,5527,144,4066,547,6,1,229,534
E05013919,Plaistow South,E09000025,Newham,4307,99,3269,371,7,0,154,407
E05013920,Plaistow West & Canning Town East,E09000025,Newham,5866,160,4175,648,9,2,243,629
E05013921,Plashet,E09000025,Newham,2933,79,2325,186,4,0,97,242
E05013922,Royal Albert,E09000025,Newham,3863,123,1784,1322,3,0,321,310
E05013923,Royal Victoria,E09000025,Newham,6734,171,2056,2534,7,3,1452,511
E05013924,Stratford,E09000025,Newham,6798,230,2544,2518,4,7,987,508
E05013925,Stratford Olympic Park,E09000025,Newham,4528,71,569,1580,2,0,1926,380
E05013926,Wall End,E09000025,Newham,4639,105,3605,267,6,2,188,466
E05013927,West Ham,E09000025,Newham,5336,133,3961,523,3,1,198,517
E05011234,Aldborough,E09000026,Redbridge,5026,95,3900,516,10,2,140,363
E05011235,Barkingside,E09000026,Redbridge,4849,92,3893,447,3,1,85,328
E05011236,Bridge,E09000026,Redbridge,5245,93,4394,263,1,2,74,418
E05011237,Chadwell,E09000026,Redbridge,5431,128,3887,866,2,0,127,421
E05011238,Churchfields,E09000026,Redbridge,6170,123,4536,827,0,0,245,439
E05011239,Clayhall,E09000026,Redbridge,4010,52,3423,134,1,0,78,322
E05011240,Clementswood,E09000026,Redbridge,3783,99,2912,284,3,0,130,355
E05011241,Cranbrook,E09000026,Redbridge,3996,69,3185,278,3,2,132,327
E05011242,Fairlop,E09000026,Redbridge,5263,97,4340,361,2,0,80,383
E05011243,Fullwell,E09000026,Redbridge,5398,102,4472,272,5,0,129,418
E05011244,Goodmayes,E09000026,Redbridge,4675,117,3476,578,0,1,137,366
E05011245,Hainault,E09000026,Redbridge,5753,115,4605,371,9,2,168,483
E05011246,Ilford Town,E09000026,Redbridge,4026,140,2314,965,6,1,247,353
E05011247,Loxford,E09000026,Redbridge,4523,132,2909,912,2,0,195,373
E05011248,Mayfield,E09000026,Redbridge,4348,90,3542,278,4,6,110,318
E05011249,Monkhams,E09000026,Redbridge,3723,42,3002,352,0,1,45,281
E05011250,Newbury,E09000026,Redbridge,4271,91,3376,388,5,1,97,313
E05011251,Seven Kings,E09000026,Redbridge,4604,96,3649,279,8,1,156,415
E05011252,South Woodford,E09000026,Redbridge,5015,98,3960,574,2,0,64,317
E05011253,Valentines,E09000026,Redbridge,4822,95,3844,362,3,0,121,397
E05011254,Wanstead Park,E09000026,Redbridge,3092,62,2515,258,2,1,56,198
E05011255,Wanstead Village,E09000026,Redbridge,5690,103,4295,790,4,0,129,369
E05013774,Barnes,E09000027,Richmond upon Thames,4310,52,3415,238,8,1,185,411
E05013775,East Sheen,E09000027,Richmond upon Thames,4128,55,3507,173,4,0,39,350
E05013776,Fulwell & Hampton Hill,E09000027,Richmond upon Thames,4445,65,3675,345,3,1,35,321
E05013777,"Ham, Petersham & Richmond Riverside",E09000027,Richmond upon Thames,4401,77,3509,279,3,1,120,412
E05013778,Hampton,E09000027,Richmond upon Thames,4123,50,3429,291,6,2,42,303
E05013779,Hampton North,E09000027,Richmond upon Thames,4207,75,3351,366,0,0,74,341
E05013780,Hampton Wick & South Teddington,E09000027,Richmond upon Thames,4636,68,3633,507,2,0,90,336
E05013781,Heathfield,E09000027,Richmond upon Thames,3750,45,3186,149,1,2,52,315
E05013782,Kew,E09000027,Richmond upon Thames,4987,74,3754,686,3,0,112,358
E05013783,Mortlake & Barnes Common,E09000027,Richmond upon Thames,5121,67,4248,323,1,0,88,394
E05013784,North Richmond,E09000027,Richmond upon Thames,4643,77,3574,413,8,0,204,367
E05013785,St Margarets & North Twickenham,E09000027,Richmond upon Thames,4693,51,3759,424,8,6,87,358
E05013786,South Richmond,E09000027,Richmond upon Thames,5051,98,3895,464,7,0,208,379
E05013787,South Twickenham,E09000027,Richmond upon Thames,4255,53,3587,248,6,3,34,324
E05013788,Teddington,E09000027,Richmond upon Thames,4721,61,3815,417,2,0,98,328
E05013789,Twickenham Riverside,E09000027,Richmond upon Thames,4957,92,3771,479,36,2,184,393
E05013790,West Twickenham,E09000027,Richmond upon Thames,4245,55,3632,206,2,0,33,317
E05013791,Whitton,E09000027,Richmond upon Thames,4020,48,3477,207,1,0,26,261
E05011095,Borough & Bankside,E09000028,Southwark,4246,136,1943,1225,8,2,572,360
E05011096,Camberwell Green,E09000028,Southwark,6678,222,3474,1015,7,0,1248,712
E05011097,Champion Hill,E09000028,Southwark,3935,102,2761,394,2,2,270,404
E05011098,Chaucer,E09000028,Southwark,6228,262,3402,1500,2,0,490,572
E05011099,Dulwich Hill,E09000028,Southwark,3928,77,3223,205,3,0,83,337
E05011100,Dulwich Village,E09000028,Southwark,3700,35,3181,125,0,0,65,294
E05011101,Dulwich Wood,E09000028,Southwark,4215,97,3044,470,1,2,242,359
E05011102,Faraday,E09000028,Southwark,4773,224,2249,746,10,1,1161,382
E05011103,Goose Green,E09000028,Southwark,5958,105,4842,460,5,0,95,451
E05011104,London Bridge & West Bermondsey,E09000028,Southwark,7148,247,3648,1960,5,0,684,604
E05011105,Newington,E09000028,Southwark,6008,215,2940,848,2,0,1463,540
E05011106,North Bermondsey,E09000028,Southwark,7262,260,3219,2017,15,0,1170,581
E05011107,North Walworth,E09000028,Southwark,7079,209,3128,1661,7,0,1394,680
E05011108,Nunhead & Queen's Road,E09000028,Southwark,6668,128,3950,615,0,0,1307,668
E05011109,Old Kent Road,E09000028,Southwark,7227,260,4331,1110,7,2,663,854
E05011110,Peckham,E09000028,Southwark,5789,174,3158,683,2,0,1143,629
E05011111,Peckham Rye,E09000028,Southwark,4004,78,3160,264,1,1,136,364
E05011112,Rotherhithe,E09000028,Southwark,6807,251,3227,1709,4,0,1038,578
E05011113,Rye Lane,E09000028,Southwark,6152,193,4214,599,3,0,574,569
E05011114,St George's,E09000028,Southwark,3511,106,1503,968,4,1,588,341
E05011115,St Giles,E09000028,Southwark,6633,202,3833,905,16,3,1115,559
E05011116,South Bermondsey,E09000028,Southwark,6895,240,3441,1619,2,1,1011,581
E05011117,Surrey Docks,E09000028,Southwark,5953,198,2754,2013,15,2,573,398
E05013754,Beddington,E09000029,Sutton,4127,56,3431,291,1,1,31,316
E05013755,Belmont,E09000029,Sutton,4731,82,3520,714,4,2,53,356
E05013756,Carshalton Central,E09000029,Sutton,4672,76,3863,334,2,8,53,336
E05013757,Carshalton South & Clockhouse,E09000029,Sutton,3639,37,3189,93,13,3,31,273
E05013758,Cheam,E09000029,Sutton,4101,56,3356,328,3,1,58,299
E05013759,Hackbridge,E09000029,Sutton,2871,85,1467,707,0,0,387,225
E05013760,North Cheam,E09000029,Sutton,4358,58,3568,400,0,1,57,274
E05013761,St Helier East,E09000029,Sutton,3105,53,2522,172,2,0,78,278
E05013762,St Helier West,E09000029,Sutton,4449,103,3548,341,2,1,99,355
E05013763,South Beddington & Roundshaw,E09000029,Sutton,4053,35,3363,203,1,0,78,373
E05013764,Stonecot,E09000029,Sutton,2787,39,2383,133,1,3,39,189
E05013765,Sutton Central,E09000029,Sutton,5320,147,3008,1476,1,1,300,387
E05013766,Sutton North,E09000029,Sutton,4270,55,3384,355,0,0,135,341
E05013767,Sutton South,E09000029,Sutton,5555,146,3424,1557,1,0,135,292
E05013768,Sutton West & East Cheam,E09000029,Sutton,4699,72,3663,558,5,0,95,306
E05013769,The Wrythe,E09000029,Sutton,4148,74,3071,547,0,3,179,274
E05013770,Wallington North,E09000029,Sutton,4863,79,3616,728,4,0,97,339
E05013771,Wallington South,E09000029,Sutton,4707,130,3064,1127,0,0,95,291
E05013772,Worcester Park North,E09000029,Sutton,3166,46,2571,259,1,0,32,257
E05013773,Worcester Park South,E09000029,Sutton,2728,19,2368,124,0,2,43,172
E05009317,Bethnal Green,E09000030,Tower Hamlets,7359,229,4572,1452,7,0,496,603
E05009318,Blackwall & Cubitt Town,E09000030,Tower Hamlets,9694,329,3277,3717,31,9,1518,813
E05009319,Bow East,E09000030,Tower Hamlets,8410,261,3956,2673,4,4,850,662
E05009320,Bow West,E09000030,Tower Hamlets,5290,109,3653,621,9,1,399,498
E05009321,Bromley North,E09000030,Tower Hamlets,4419,120,2160,1135,10,10,610,374
E05009322,Bromley South,E09000030,Tower Hamlets,5129,111,2043,1440,5,4,1028,498
E05009323,Canary Wharf,E09000030,Tower Hamlets,8520,335,2118,3925,14,3,1514,611
E05009324,Island Gardens,E09000030,Tower Hamlets,5982,246,2807,2098,13,2,402,414
E05009325,Lansbury,E09000030,Tower Hamlets,7548,175,3805,1786,22,3,1036,721
E05009326,Limehouse,E09000030,Tower Hamlets,2996,136,1238,1218,8,0,178,218
E05009327,Mile End,E09000030,Tower Hamlets,7841,175,4301,1652,13,7,967,726
E05009328,Poplar,E09000030,Tower Hamlets,2823,74,1533,699,3,0,261,253
E05009329,St Dunstan's,E09000030,Tower Hamlets,4623,91,2311,1238,5,2,510,466
E05009330,St Katharine's & Wapping,E09000030,Tower Hamlets,5830,220,2548,2150,11,0,517,384
E05009331,St Peter's,E09000030,Tower Hamlets,7510,215,4356,1512,16,7,750,654
E05009332,Shadwell,E09000030,Tower Hamlets,4389,131,2438,923,11,3,480,403
E05009333,Spitalfields & Banglatown,E09000030,Tower Hamlets,5004,179,2761,1303,16,0,302,443
E05009334,Stepney Green,E09000030,Tower Hamlets,4358,120,2800,616,5,0,389,428
E05009335,Weavers,E09000030,Tower Hamlets,5428,151,3337,1052,6,0,419,463
E05009336,Whitechapel,E09000030,Tower Hamlets,7366,294,3115,2624,4,1,737,591
E05013882,Cann Hall,E09000031,Waltham Forest,5569,152,4117,585,5,1,219,490
E05013883,Cathall,E09000031,Waltham Forest,3838,99,2886,407,2,1,117,326
E05013884,Chapel End,E09000031,Waltham Forest,5015,101,4099,271,1,1,141,401
E05013885,Chingford Green,E09000031,Waltham Forest,4782,71,3833,412,9,5,113,339
E05013886,Endlebury,E09000031,Waltham Forest,3416,54,2900,161,0,2,48,251
E05013887,Forest,E09000031,Waltham Forest,5567,130,4296,456,5,1,177,502
E05013888,Grove Green,E09000031,Waltham Forest,5515,113,4490,329,1,1,131,450
E05013889,Hale End & Highams Park South,E09000031,Waltham Forest,3414,62,2534,309,2,0,254,253
E05013890,Hatch Lane & Highams Park North,E09000031,Waltham Forest,5080,83,4131,338,1,0,96,431
E05013891,High Street,E09000031,Waltham Forest,4169,101,2941,541,5,0,221,360
E05013892,Higham Hill,E09000031,Waltham Forest,4907,115,3493,532,0,0,330,437
E05013893,Hoe Street,E09000031,Waltham Forest,5702,126,4240,676,5,3,190,462
E05013894,Larkswood,E09000031,Waltham Forest,5055,88,3732,579,3,1,277,375
E05013895,Lea Bridge,E09000031,Waltham Forest,5420,118,3916,615,10,0,290,471
E05013896,Leyton,E09000031,Waltham Forest,5054,124,3676,585,2,0,215,452
E05013897,Leytonstone,E09000031,Waltham Forest,4845,124,3660,544,3,1,156,357
E05013898,Markhouse,E09000031,Waltham Forest,3505,92,2603,367,4,0,165,274
E05013899,St James,E09000031,Waltham Forest,4879,92,3457,532,0,4,404,390
E05013900,Upper Walthamstow,E09000031,Waltham Forest,3008,54,2386,271,1,0,68,228
E05013901,Valley,E09000031,Waltham Forest,5089,107,4037,396,3,2,98,446
E05013902,William Morris,E09000031,Waltham Forest,5515,128,4382,400,6,0,149,450
E05013903,Wood Street,E09000031,Waltham Forest,3565,79,2455,490,4,0,250,287
E05014009,Balham,E09000032,Wandsworth,7328,112,5670,634,11,0,277,624
E05014010,Battersea Park,E09000032,Wandsworth,8448,312,4522,2098,9,2,773,732
E05014011,East Putney,E09000032,Wandsworth,7603,157,5444,967,5,0,444,586
E05014012,Falconbrook,E09000032,Wandsworth,5077,139,2970,881,2,0,575,510
E05014013,Furzedown,E09000032,Wandsworth,6708,137,5209,550,6,0,216,590
E05014014,Lavender,E09000032,Wandsworth,5457,82,4268,512,5,0,108,482
E05014015,Nine Elms,E09000032,Wandsworth,2845,68,498,1210,7,3,786,273
E05014016,Northcote,E09000032,Wandsworth,4800,56,4120,204,3,0,39,378
E05014017,Roehampton,E09000032,Wandsworth,6816,158,4779,695,5,1,513,665
E05014018,St Mary's,E09000032,Wandsworth,6905,208,3137,2383,27,2,617,531
E05014019,Shaftesbury & Queenstown,E09000032,Wandsworth,6946,137,5148,676,3,0,297,685
E05014020,South Balham,E09000032,Wandsworth,4544,101,3559,397,2,0,119,366
E05014021,Southfields,E09000032,Wandsworth,5146,82,4199,321,0,0,137,407
E05014022,Thamesfield,E09000032,Wandsworth,7264,125,5056,1116,9,1,363,594
E05014023,Tooting Bec,E09000032,Wandsworth,6637,145,5048,797,5,0,120,522
E05014024,Tooting Broadway,E09000032,Wandsworth,7019,127,5485,590,8,2,202,605
E05014025,Trinity,E09000032,Wandsworth,4801,92,3515,380,17,0,385,412
E05014026,Wandle,E09000032,Wandsworth,4495,73,3497,438,2,0,89,396
E05014027,Wandsworth Common,E09000032,Wandsworth,6524,111,4884,632,7,0,338,552
E05014028,Wandsworth Town,E09000032,Wandsworth,8247,159,5150,1437,13,1,772,715
E05014029,West Hill,E09000032,Wandsworth,6612,143,4837,836,6,0,231,559
E05014030,West Putney,E09000032,Wandsworth,7177,106,5408,544,9,1,479,630
E05013792,Abbey Road,E09000033,Westminster,6056,233,3430,899,41,0,922,531
E05013793,Bayswater,E09000033,Westminster,6141,231,3806,1049,21,2,501,531
E05013794,Church Street,E09000033,Westminster,4542,180,2653,740,9,2,559,399
E05013795,Harrow Road,E09000033,Westminster,5015,111,3579,589,6,5,266,459
E05013796,Hyde Park,E09000033,Westminster,4607,197,1992,1326,22,1,678,391
E05013797,Knightsbridge & Belgravia,E09000033,Westminster,5016,154,2783,1064,36,2,518,459
E05013798,Lancaster Gate,E09000033,Westminster,5661,287,3158,1064,51,3,616,482
E05013799,Little Venice,E09000033,Westminster,4467,220,2972,649,7,0,242,377
E05013800,Maida Vale,E09000033,Westminster,4990,182,3563,514,12,0,314,405
E05013801,Marylebone,E09000033,Westminster,6335,277,3617,1203,38,1,614,585
E05013802,Pimlico North,E09000033,Westminster,5210,172,2887,824,19,0,848,460
E05013803,Pimlico South,E09000033,Westminster,4950,152,2258,547,20,2,1589,382
E05013804,Queen's Park,E09000033,Westminster,5093,143,3618,486,5,3,323,515
E05013805,Regent's Park,E09000033,Westminster,5663,228,3171,977,51,1,746,489
E05013806,St James's,E09000033,Westminster,5167,226,2421,1568,40,1,458,453
E05013807,Vincent Square,E09000033,Westminster,5166,201,2765,1407,17,1,388,387
E05013808,West End,E09000033,Westminster,6069,316,2974,1409,38,2,769,561
E05013809,Westbourne,E09000033,Westminster,4679,173,2362,1236,12,1,489,406
